format,3
memo1
memo2
806.1605217648113,-47.079920488661145,313.9829177907628,0.0
617.1651741296903,151.2183290676257,455.402888440388,0.0
1073.8003939794844,-86.57373565635032,491.5245816557493,4.605094163999378E-11
834.447553319495,-141.17943015675513,437.71611147972664,0.0
751.194613252579,214.18890577372832,492.19267004919067,0.0
1050.5844917964619,-32.28747245908889,344.97007500496,4.699139621969907E-11
1008.715860338117,-247.94511333991426,489.2163199813143,4.807327438725101E-11
860.7622557228343,-50.50666893378522,393.81440214203076,0.0
643.2780294081379,-188.56078023988772,379.6822288259124,0.0
1032.6448892552044,43.034703189748086,361.2460038301642,4.785936806836746E-11
675.9626314919356,204.44301968776688,497.9934686790205,0.0
661.1275901927444,-44.79599238717836,429.65028861762266,0.0
759.9912130413556,-82.86402673294396,474.0493270042467,0.0
863.9819118110421,-85.81214964757956,435.72499028773166,0.0
544.1418003859328,144.00915321754502,388.7087787242394,0.0
865.3996345972175,211.92018442366276,447.41500735921204,0.0
589.7430735383516,-177.11328957861133,352.8729146935215,0.0
883.2841025160822,-154.498451483552,318.6765573962304,0.0
544.0524662016081,-203.13111412178984,417.36910047879655,0.0
559.6036746305422,-80.78478156374413,327.92434576617654,0.0
581.4013087845876,172.41598477643356,420.65653375365224,0.0
657.9106624140196,-211.70195517169822,378.2491158410555,0.0
920.2491489286183,50.01875427552005,333.1528784318717,0.0
944.4504269502243,-2.9604598537461015,336.71778264379077,0.0
1079.3377591714584,-217.58869149898845,458.5361945811976,4.4882919239110886E-11
676.0655845925364,-179.98840448679132,405.86455867296655,0.0
620.1353910658823,96.44231441115079,362.0330533622841,0.0
778.7862949722414,57.39105965648571,397.84770102655693,0.0
880.8333693958896,21.03790449235538,353.93952938121265,0.0
530.2348055015865,-26.09308233393662,316.7725538873981,0.0
813.948596993915,151.91345391839587,320.90059123488624,0.0
1050.9000489373925,38.52109524619789,379.23871713672736,4.701245735315247E-11
1049.90268097024,-236.1236705878106,365.9393783346609,4.5889350980033905E-11
819.5092116295149,74.6154778927135,383.16626536733617,0.0
701.7759220213107,-140.35812751165548,420.8258626332567,0.0
718.4631262948883,-196.5358985929135,354.70240601680763,0.0
673.9876392702544,44.296760529814435,473.27939685743286,0.0
1032.2699480066703,-103.67748463844822,488.8409191250896,4.81436269226665E-11
593.30524087262,128.921185126277,340.0658380799149,0.0
565.3465382441289,63.89516459635814,410.4977043602843,0.0
1008.9709940154504,134.2181306994097,451.07377333358716,4.90721846216983E-11
575.0608256727132,168.23605597443787,406.03921355354584,0.0
639.5629890122365,227.40538033596363,354.804627889489,0.0
965.4815901223294,-247.73401021904638,446.2534901095213,5.031887480360619E-11
533.0845071545533,42.123548172443066,340.8089305369204,0.0
748.6996404474368,98.31192806556635,355.70356134690894,0.0
763.538771556583,4.854135856696928,312.51270817884074,0.0
1094.6214993937456,166.75402804202258,438.7294780320324,4.4603989419567754E-11
825.0565568742009,105.0832947611537,367.37210821997655,0.0
925.5973041117185,-126.04721923732366,347.20503190700083,0.0
943.9161141505269,-148.44269710556665,472.3802773683286,0.0
1075.9785157572428,133.01523085288125,316.453550573544,4.561408283700835E-11
961.1603882306163,-37.57068568085569,339.0635436491723,0.0
1059.069002736143,186.340481726532,462.26350012288043,4.606332538966853E-11
857.3481509362692,118.32733425971293,476.3725574073318,0.0
744.6999091293429,109.77901305532527,332.28647299862615,0.0
926.3018856351966,-207.874115430255,387.8213762975813,0.0
580.555235706399,16.428823877691457,386.89928881053333,0.0
1098.7683048934603,16.703529461916446,389.9955193721679,4.494145911895715E-11
668.1739294361728,224.67380260924665,407.8173851845361,0.0
1026.2068797662405,-87.97246900805564,448.8496906470623,4.8368534970765916E-11
579.8803502879758,45.31697598176936,320.3137122607589,0.0
1029.7726394445108,214.30272806070343,440.834512501218,4.716536095490321E-11
623.3733245924518,74.66476394903492,462.18901634267274,0.0
995.3847325163392,-211.8656447766967,428.8488765547166,4.8964553533459107E-11
694.5891917670587,-56.48247311042678,430.2917529666544,0.0
1073.4629578360968,79.15018436711983,460.21298117940614,4.600832431577213E-11
697.3646285006229,-87.28621826443967,342.240348142162,0.0
543.717797902347,143.3240924713491,434.59043799307904,0.0
1091.0468254217521,-29.07717036527515,332.8428777476872,4.530061467529273E-11
801.8884163121432,227.62194508165635,378.01281141070945,0.0
537.4762489082003,-133.0470252742635,418.93839252156636,0.0
700.4328522366548,-68.11534760475982,380.7660030389126,0.0
809.295013246428,127.83765242850353,386.4786618590538,0.0
564.4171948694664,199.250467808277,308.40796004245243,0.0
754.2746969625061,-88.0098624243424,404.16252345409305,0.0
742.6907716884023,131.16877907448657,353.34035885830883,0.0
762.3761417955104,76.63289593221458,311.09033501965234,0.0
680.1246113097585,71.59787004850756,445.91409339241545,0.0
746.3975373297924,-136.96699260896236,486.8098114586458,0.0
693.3847076709812,76.92347311575975,452.23110880521847,0.0
638.2003784967121,-206.10611826556413,395.94523471220054,0.0
775.7132341795864,233.11521904149913,392.1265269844156,0.0
566.3683506349028,17.270642627792085,390.04847879755505,0.0
1019.1907827088588,221.26788901427477,312.3275877936575,4.734988782602407E-11
585.4500102543855,-207.8114962107063,438.90589837425057,0.0
1099.532043514664,-79.3072022100229,357.49038682726456,4.4838985610847943E-11
956.0022963341331,-55.575967604661344,457.3436492023393,0.0
800.7094798378436,233.79603097769342,484.2953082603159,0.0
942.1736602303977,229.4963492265661,370.8677308333264,0.0
556.440607424928,196.8859362990795,311.26896166505037,0.0
1019.3916749952807,-151.33531470814145,379.40709732459095,4.806036083327764E-11
785.5141570990705,-7.7745351609248985,352.22093222016025,0.0
823.5637367059392,-233.72383717999884,403.2724649420177,0.0
1078.9833825032654,-194.66118315343306,444.28133986524335,4.506734167473457E-11
701.746636908908,-190.90769287219916,367.08626948927673,0.0
737.8043633973701,75.80169658777339,399.82691805340045,0.0
813.6492099411901,-28.208785173066133,358.80069035543147,0.0
509.85120595662187,109.53989773046692,484.18433591355205,0.0
645.5454498868309,37.0450728309911,411.10143077352586,0.0
757.0374868011654,69.40622227718268,363.31853132306566,0.0
889.5958343030875,165.27725754195762,399.6226960559428,0.0
1079.1284018613233,68.42878177259786,354.3279705229979,4.5675595012106054E-11
552.7579181019119,204.21217404171176,485.64234007746967,0.0
1015.1176683872746,-15.677280087414516,378.0107974722075,4.887010452591549E-11
914.071828223316,66.64679090414353,475.7402017656109,0.0
548.3175224737072,-52.57203157585394,461.46446158212245,0.0
870.9398263066402,-30.956018199435448,360.6537003676998,0.0
789.3405217419706,-209.53261897888328,435.29559926486,0.0
1079.451037659182,-23.04138645367729,380.53798602906477,4.573929877229931E-11
898.2326810244081,-26.938810077714464,442.1527981623432,0.0
1088.9631404515735,96.59346887995332,398.31472139300655,4.517130995086742E-11
833.0073015142715,-98.38945706104616,364.7400806343044,0.0
1004.7290476282893,-55.238406361369044,364.7757889853734,4.9311794818414033E-11
658.6316175662521,-155.3547631263162,382.02372642281085,0.0
1092.4184453656007,246.3195811715721,385.3609109961802,4.414502291317643E-11
1049.3672786628285,130.06250627340341,360.6930295146753,4.671539883688373E-11
714.7450530470221,208.26396310195884,382.5258635176639,0.0
1058.1766693755465,93.54472890113124,331.0174421013839,4.648834715824781E-11
768.3588091443197,-155.4046952876739,307.9128993693536,0.0
1021.8668726556624,-172.942920337185,432.5081297504967,4.794408301639702E-11
532.4184130952736,3.1964691014021014,498.36122905797356,0.0
804.5284739938863,-164.42600076888363,439.3036216821763,0.0
947.402192244167,143.88698336991644,488.87628526167856,0.0
631.5535341695775,157.9702277453547,337.7912602009697,0.0
927.8094702465016,130.41510337042047,456.86964703650904,0.0
830.6349612610961,74.27118842589465,327.7509659593345,0.0
631.1608256611881,-170.41690727239867,324.1962942351113,0.0
638.9149807251326,-185.1807754568711,344.6269948139384,0.0
775.9661333812321,213.2695477835996,451.576221071085,0.0
750.2571528428832,133.29111898394558,346.25960785110004,0.0
1007.0966005574671,42.49002558470005,483.35017254188426,4.986461181110408E-11
962.2204940445304,139.9843319994361,413.0117750989766,0.0
577.0430634908944,-67.785745793438,430.31097495237157,0.0
684.571506684779,211.81013084990207,476.9260310514192,0.0
679.7121550374925,-94.25862362707468,444.4706710857504,0.0
578.3448621813079,152.9235715053332,359.82097169845855,0.0
750.6260937663321,4.561978684403442,312.59233523453406,0.0
906.8376911820001,-121.49852173670624,375.55866438792054,0.0
697.5765759585371,179.9700344982487,458.0849694921833,0.0
856.9669735517741,-214.54378193350132,400.71528113929446,0.0
643.1045919058622,218.02024554182316,490.5243119202844,0.0
980.6315296051632,211.5007832091071,484.9203853832838,5.017830741219066E-11
602.8690446407695,140.84651970557087,493.44640890915093,0.0
713.8536077490667,241.13622808156913,320.40588171696425,0.0
724.8888322675807,10.972216669696422,483.5785034074398,0.0
1046.8139481141266,38.84145624210163,387.69956684850615,4.7227444886999515E-11
873.6882012276185,-86.31645406976259,321.55494792888754,0.0
798.8345780174328,-61.56399736915807,323.24473839794393,0.0
1086.5342868926316,-191.92012013912205,433.1890851103675,4.4762563544814654E-11
819.6713862287977,-60.49342681898116,388.11676141063606,0.0
632.8301931575011,160.62500651707524,321.63671711963525,0.0
786.3801110736979,107.38002400784285,331.057306060348,0.0
634.5548915524396,-244.7460652316795,316.92321747935455,0.0
1097.2042188507514,-204.66045778120412,485.6555797126274,4.427147215434924E-11
772.6109153760157,192.18671856033308,451.7520121186394,0.0
1097.1251139410597,143.7194943180586,357.3670797649229,4.468533998074475E-11
654.9633659317539,-101.45235046545332,344.6474255632254,0.0
741.6488198194767,-186.76350194419817,484.13077424842186,0.0
801.1790589199352,81.51080641697877,363.928910452856,0.0
612.1056232396759,-116.96570747694133,468.11885590854075,0.0
626.0653009000387,111.54495188071041,485.1436230785082,0.0
1023.3281680669934,24.840101663684493,478.1904555806402,4.888528198995826E-11
780.0895579811395,-213.20844161398907,413.33663191491195,0.0
874.5674476433935,217.37902482677697,438.5579794967915,0.0
548.3684242349975,187.24641714646629,390.3126654425433,0.0
1033.2221111127228,-133.26998459717026,316.067684119583,4.740312135751053E-11
664.0736872246661,-45.06819213160037,333.0847814290516,0.0
850.8824751598021,68.95159983983069,473.6586837036672,0.0
1086.4441386858105,4.553727282805795,324.41724017830967,4.5508983007198366E-11
978.292467463364,-141.00608622911528,324.4402349517774,0.0
769.5187561375831,102.07492342499899,373.44032122600834,0.0
862.2831227170032,162.1875486830686,491.6632011979034,0.0
1035.8824799619342,-206.2349872328888,393.6644302899168,4.681994852499474E-11
597.4574187531736,-73.93322135879035,382.2870957391074,0.0
709.4478981125745,-233.71492535428027,325.87304781793455,0.0
539.1176867855521,3.4447226797800283,392.5243199087038,0.0
722.8769877513118,217.91918318903055,497.9401135812374,0.0
549.4209072667688,-234.68475287889243,342.2799262316618,0.0
901.6261646527857,194.25879359344458,363.5334951019691,0.0
703.0802298344393,98.91639995596285,413.5108033459426,0.0
623.6053497818311,-244.85879717275006,450.6456228789514,0.0
740.6291956642244,-17.425895963661816,395.57089188498696,0.0
1015.3397854686109,152.8943431104753,442.9978533515236,4.8518786195809685E-11
556.5229450949754,44.44771313444892,333.40144484150255,0.0
745.608357536981,113.12618720417987,433.672130278701,0.0
615.5971030508161,230.56569310849665,308.6841801667316,0.0
784.669572786584,-171.953312452406,455.4776893824985,0.0
597.1997568144462,23.663573030769726,342.2927382034931,0.0
627.7304570488004,-1.465019246438743,492.559340734165,0.0
563.2787547221591,164.66535742270423,386.00492172083,0.0
598.3732910124522,49.05372923218033,300.92345904580395,0.0
672.929781343073,225.67123756177523,470.99434448662083,0.0
886.6068970846494,-145.71911501598524,336.577179663949,0.0
1019.0612659601172,103.28338221956125,324.0913103856359,4.824627618112915E-11
563.4393042101151,62.59615959427231,336.5699896674068,0.0
561.7176481666318,71.38415235592618,429.5858479406652,0.0
617.8669172613572,-182.8473087942338,440.7106922335715,0.0
751.9762874701937,-202.8169263975734,438.6818072615847,0.0
1013.7396632492868,235.278089061677,372.7677945217043,4.7530448668812486E-11
515.5990404578855,-95.80120522198297,481.1959059399543,0.0
1034.1088100183078,-214.568130896559,495.6627955650126,4.7148754108507573E-11
715.478002423299,-49.04612661317134,373.50928226334725,0.0
622.3828093899374,-160.61668899157473,338.3217676631924,0.0
787.1897192409238,-139.86326565264335,315.3464778827844,0.0
652.4312311207017,106.34482427415088,338.70256730325116,0.0
526.1033708756099,-8.768754256602563,380.38168905311767,0.0
608.6251974824409,-214.53465485585264,312.7917721431683,0.0
844.97820067801,176.59951255810438,465.1875106071093,0.0
1064.5805219105864,170.5282092840709,329.11441820420197,4.582858494845807E-11
917.135591808971,-52.13799567477264,468.93372032068055,0.0
928.372059117158,-138.45486400845806,309.8079741489626,0.0
765.015572091801,-18.213092528333192,464.33561047640063,0.0
715.1358471287265,117.92567904757465,470.3343348042887,0.0
681.5426020374388,219.3101792291995,481.15457905948966,0.0
597.676435787621,115.89655614595313,498.3764626081978,0.0
900.4650753458181,-51.46418833207903,423.55176827953005,0.0
919.3578475200007,-215.14444238626038,420.6889774931336,0.0
756.0269398279551,-237.01843851875012,408.8521152522536,0.0
855.9972328962751,-223.5400628935406,443.16537490653934,0.0
1082.3956801515062,113.6287109375998,381.35045978272115,4.53744217137696E-11
1001.2368858096276,66.33115602106113,449.42979159518836,4.992626620502233E-11
557.5932592287644,95.58214697651152,300.32685254708093,0.0
1078.8155023424922,-213.07083742298903,374.3129106877169,4.4922037642481526E-11
1005.3647838312585,22.087676048299215,325.45597549189256,4.920875891350767E-11
1003.1495858223991,218.89178477434717,360.0110438326399,4.820043004148509E-11
699.5299653614709,-7.394040645424752,409.90530026841566,0.0
513.3732493997954,76.03930514912105,456.0135656399684,0.0
690.1988384756722,-201.4859039223487,467.7728920168646,0.0
576.7506663866226,235.7788433986201,354.41208841614707,0.0
954.1358380238842,171.8766218800742,358.2486027987321,0.0
672.85656737463,189.3976385331241,456.07101105993405,0.0
909.147495173185,-81.92487720677744,382.07569622483004,0.0
1095.2709680877792,-194.3083720850545,458.59024146538934,4.440412463045854E-11
539.5846217962877,141.87318491560245,349.4217175174089,0.0
520.1101699890826,-93.94661892297364,478.69394216190415,0.0
528.42461155458,-143.7571894828596,416.58575043934064,0.0
888.712314932773,199.6153516111931,306.5417683698567,0.0
757.3930367961044,-156.1796063105994,439.21865600608726,0.0
890.2118346165428,-168.2167512872761,422.3679607553333,0.0
828.768970521346,-211.79033756763448,437.6741474349225,0.0
852.0949332397652,-50.78020920063838,420.5308591761931,0.0
735.0841262459485,226.08502092214417,476.4183626920959,0.0
692.1094571221875,80.6520562224677,351.98611511196617,0.0
660.7939496545107,-60.61940624160212,316.4225245864183,0.0
757.4336631822944,-143.8176305717364,470.65976014608975,0.0
763.9530816264341,56.14301115417459,304.8675951559254,0.0
810.5838021055292,-194.62412780724097,432.3681718046703,0.0
1070.1635461231144,6.6282477361681345,379.28752453981144,4.6154589280008854E-11
759.5971856405021,-53.514884273408654,434.5029524374993,0.0
836.5757216086089,153.76179395331116,414.53133549413906,0.0
667.6699007320381,-120.03047202481667,313.7527307061834,0.0
702.49780197686,-125.98977700713785,361.84454803863645,0.0
933.1541906653797,128.83252694244322,478.30067779363617,0.0
794.5721690297528,232.95828210724477,391.9718722561309,0.0
635.5708384270712,-92.84980847566618,419.51794636424586,0.0
971.2306204417791,-92.77826997981833,485.58760573751937,5.201774342861264E-11
715.100199034228,-246.7753255033808,316.8726176062768,0.0
809.8714251327028,-103.48936492891269,361.8274847189494,0.0
903.1509744942075,-107.6137013401868,372.0078205857444,0.0
917.1839382073805,115.81712713600535,370.62032131259804,0.0
611.7429916541425,186.78555403295564,464.9728073656961,0.0
597.9948566057707,-229.90678122264956,322.045508544437,0.0
868.5748065282997,-98.29941411695896,481.7342000970929,0.0
838.5598459137975,-166.56403707260358,346.41513406448416,0.0
1073.5481742707893,184.86700252044642,358.5540201651291,4.5345114490315826E-11
867.3842713160869,35.68490391729512,477.15644365576014,0.0
1051.5248596089718,180.86981387596342,454.3382796818247,4.644830684087389E-11
824.4818351987008,-174.07174185478868,465.8464554152094,0.0
984.4362007650631,-184.98160513932388,307.72751327783976,4.937077666139602E-11
544.2900990239089,-40.79730955203934,462.8023489291785,0.0
1006.400624314882,178.46644446916565,329.7824350255035,4.836549881769422E-11
971.7760581224636,-189.19460660293572,437.2768298576765,5.0681879027646604E-11
1053.2106968465287,-128.1851726533345,457.9607558338812,4.675731171533025E-11
955.1342709118347,-91.72384087967774,317.6887752063779,0.0
640.1955751562946,-2.830871672562978,436.4002021812835,0.0
512.964359347933,-16.146450132631315,436.63704170301486,0.0
526.5199215678778,165.42794390475098,367.69797938589426,0.0
782.6222751947637,147.7424556849856,400.2142565558232,0.0
811.451381750277,106.56159949874547,469.235888675143,0.0
1022.112219064057,-115.92933439322033,354.5675136741641,4.808896682623411E-11
862.983865747923,66.54592331418439,368.88319451103064,0.0
830.8186682711398,140.2146276995108,381.9670340237131,0.0
773.4224629759376,-12.332070214285523,458.7038659860156,0.0
600.8064028576032,-220.1764592831434,324.2971958649105,0.0
1084.5426332635207,113.52260954760072,430.8795579082518,4.531046970678089E-11
513.8514883848493,169.41925951266177,437.28903549194547,0.0
539.0218624936002,-9.951611342828613,435.1820325793657,0.0
990.6519677235401,-73.4707179533948,428.0637563038766,5.0409315145926534E-11
773.5579068478098,-4.935414007617027,440.43684768035007,0.0
553.5084015814374,114.39719630042026,315.2210164384965,0.0
512.7069580863945,154.86764777565088,413.2395140159036,0.0
1086.6671353081863,208.6517154142847,371.9246873333875,4.466048933612528E-11
902.9119659221992,145.38241687588913,307.14792115780244,0.0
960.7552454482659,-182.5784472591659,371.6408906671314,0.0
877.7326709539007,-88.26548125088809,357.66388002263005,0.0
1046.9029628082417,-51.8803159477842,430.0663356040759,4.73160086990493E-11
621.1490144769542,64.03467415693092,300.8283681238136,0.0
921.0411552388782,-127.76439354702933,376.83797466495025,0.0
666.422479079669,113.32919282450553,318.5650538230699,0.0
829.4666816781896,136.6362966100304,372.8608814703442,0.0
736.5146360445103,-235.60415336061365,475.15659303757286,0.0
637.4097830004547,-61.12592395188423,395.6517904288256,0.0
939.0740205624779,-8.794496943893506,474.0763022503993,0.0
574.4135915940659,-151.6505219977467,407.06334083971177,0.0
767.3844154149724,-38.34826785334113,383.00294943223776,0.0
539.0143683736711,-137.6450899726816,344.53406521224747,0.0
555.3126060998329,117.62598538017505,395.5647602899849,0.0
605.9971938156516,168.0837630802029,423.2621536877151,0.0
1029.3729400097795,149.95600664987137,361.4480266024936,4.7528302803906495E-11
747.6486616878883,-104.39876277334957,352.9979883350893,0.0
876.9648886232089,-64.09187377758602,375.3521728504803,0.0
751.5871982675947,-37.154214989197015,489.6596167212491,0.0
1079.251330992964,145.45572174141552,351.5751894217858,4.5365900169532255E-11
753.7322464524145,18.722384648565765,414.67305410529326,0.0
734.1808359218251,28.258326411773055,327.9024520022567,0.0
769.9694528873008,183.69442432506344,460.1264787279364,0.0
1076.9480507767173,-193.496228881063,458.9734055006349,4.518449883540847E-11
699.3498399386531,74.09020951578634,336.8950495582295,0.0
535.720583432289,-3.0173976563423537,388.5947140139981,0.0
943.3930082347694,228.9884501320749,384.3004145390122,0.0
884.2434241865396,202.6799379272107,462.6388226548766,0.0
1016.4010504997337,-112.12841522929455,381.8891780641603,4.8489066151393196E-11
699.0907462311654,-197.72808671643213,448.1722477237164,0.0
1062.6702335110563,-246.44691904458378,328.2804828203005,4.533144090324267E-11
904.1648451714229,17.344526310298704,442.7168723993741,0.0
511.0407681695746,200.12452661761188,321.00866991584394,0.0
842.1471311576076,-54.49766568012947,303.04298661720077,0.0
753.243710997804,-118.5338685448593,342.7220989118149,0.0
1002.0531683466521,79.9173373565817,440.9508762278014,4.976379731012715E-11
570.6836022135531,-119.45209858693465,376.04191677552694,0.0
625.836223765704,221.0721252418757,406.8694490722542,0.0
750.4732705770231,-80.35892290770053,440.09801548442294,0.0
540.1596410293504,-41.34381906859198,427.9962817039332,0.0
632.3476120672067,61.51282352197745,473.7508824034014,0.0
930.0436024158363,219.2650785365293,330.7863187116539,0.0
1079.8907604021697,-38.92417922358126,327.76930989412807,4.573280463847589E-11
704.3812040249774,160.23294881690128,432.38428736393905,0.0
777.860379795977,-163.34815670581258,426.8160736017898,0.0
763.5114567502196,206.87030080167352,494.6366296137303,0.0
1058.7956110385235,208.89024295818297,499.4154323356728,4.5980457621349834E-11
1097.4040101741916,245.34312146607397,446.573036524135,4.391613349118932E-11
844.047525279235,111.88088901384754,398.46752129925125,0.0
941.1770509651809,-244.71493915066006,492.5807354954492,5.230356102703928E-11
655.1904372766592,134.13097031510688,411.778828574293,0.0
729.7040707966555,-187.35293670030148,432.2791620465646,0.0
523.6645854598993,72.04944624613256,428.3662692942578,0.0
704.704790330656,43.560686473166754,412.2117132209734,0.0
933.1011421589882,-167.84681354599232,300.8923037911049,0.0
862.3887298075456,125.61314363861766,375.488353258811,0.0
716.7435115242246,-243.5653898850003,446.2740907320459,0.0
684.5370801129698,-14.804147361964937,445.1855938754011,0.0
1031.8834211518715,-77.757267357725,484.6418111549322,4.827301231275508E-11
919.3998817865271,-220.30254033634031,468.3920882568676,0.0
1043.5394557992786,92.47299606038098,460.97327148564466,4.7459577917725145E-11
976.9911227927057,-248.59193025589732,370.3934098292127,4.923094941190255E-11
974.4350294290192,47.31613206614651,409.80978587405053,0.0
740.5748013035801,173.12750521188775,475.98899686149997,0.0
1003.4928188900215,-19.10733111880424,303.7780825988804,4.925622065952214E-11
832.0442540878533,-33.75497257424402,373.56740503422157,0.0
984.1526224008185,128.58481283266678,458.5776748039242,5.067333824793228E-11
943.9933274043708,160.1748900511709,467.9987514782694,0.0
942.6316122158039,-172.58912066989325,488.25741815107347,0.0
688.5392188533533,243.934952536117,315.97575359418425,0.0
654.675926304114,-155.04031521385542,387.86802806143373,0.0
885.97136260615,32.556030499412714,464.6662460092144,0.0
729.6053807320086,-154.11010673365325,353.2276689664525,0.0
704.0441855797646,180.62612226480297,468.48657884832625,0.0
895.7887925663472,-154.63257206246084,435.2643198648617,0.0
944.2962187911143,-224.8557335638571,316.65696450896957,0.0
1044.407545622533,-240.57353276074247,319.45438827840945,4.610133369911755E-11
929.2422913548635,97.45938525243179,411.4026193766395,0.0
841.0962608040069,58.624516895186275,498.61809438993646,0.0
1010.0902855652595,-119.4088249163257,409.17920794086046,4.890033916740135E-11
803.0664254685553,214.85743647554364,455.5634157628667,0.0
954.8170365520793,179.62598414850095,460.5327993539471,0.0
601.135611883629,-237.6292373490588,355.0540983339432,0.0
1060.2286859788533,44.07897423814961,342.4270913103658,4.65373929255917E-11
836.9349608982296,-156.74382038571497,373.2908883768346,0.0
541.1501058007474,-105.56499645010683,469.7038835775349,0.0
580.6548558829014,61.58342592222232,378.45319753476724,0.0
554.1157989888721,53.593794303851666,409.6682394178743,0.0
967.8542073974047,-15.141725601894251,453.9226356320834,0.0
886.4807456700319,-24.539320327932785,413.6034723635771,0.0
917.7704107523361,129.37808988601392,397.9611238692797,0.0
515.6731033734217,136.7391507110417,323.2654377406615,0.0
770.8029342514469,37.913544403368974,365.9817518820012,0.0
712.7592917561436,-173.74181757302532,344.6888429216782,0.0
998.3947718745085,-156.88272947605762,358.14653221940307,4.904460181297113E-11
671.4852292024264,-58.7471811586868,318.61223690645124,0.0
761.786752907044,-219.33684264527093,300.29503926641655,0.0
997.6867882762306,190.42171350224453,332.3124539647979,4.869791876914445E-11
692.9468954431235,-226.90362762122032,378.65972553348627,0.0
518.1907412638401,-177.84263028945833,387.0211761647419,0.0
930.9394191556935,140.28484092333463,432.74336926004463,0.0
508.3693965357657,130.96514527708416,475.7663203812591,0.0
594.7947941941197,178.34362362705718,468.20425125029965,0.0
644.2708923817312,-73.99868460465191,470.01988360891585,0.0
964.7654104197318,50.87579211706202,414.88788475163466,0.0
994.9487636086877,187.08148108261673,436.3787606210399,4.9311433272407606E-11
581.8859452572385,105.30203821959486,319.23887622990617,0.0
667.5261659006417,-111.59610337614922,416.13177738993704,0.0
1034.945238180213,-99.02100121812452,478.42856584545893,4.7968761340835744E-11
1051.620051067234,8.740821447861606,447.2244225785193,4.71967034640673E-11
612.8921480646571,128.46422739756855,445.79700858932847,0.0
881.482986309911,-233.402176174196,400.8653810482624,0.0
763.9499004147831,25.570590811681598,358.2298176498687,0.0
1001.4003336200026,203.8774022259464,415.813652313271,4.866178334096792E-11
507.5787925179067,-130.66097031828502,426.95286849675534,0.0
946.8855315928547,179.76031823311007,388.395593289378,0.0
916.3636408784341,18.093844588867796,305.01527297427305,0.0
754.9545939208368,-116.65051939586422,329.3183333774373,0.0
631.8215519496755,-2.612036711678826,401.59862751644073,0.0
519.14362479447,157.90808734202483,449.5389386428378,0.0
998.8016240063127,29.542115116385332,396.8586811555686,4.986669958004956E-11
634.3366798791888,-160.08923503339506,381.4593307863594,0.0
754.5986784749196,-23.324347863282156,421.0280362332771,0.0
1072.0199210038454,205.0075449410378,375.82629701956785,4.5248601495699096E-11
1039.032350699192,173.31926394796915,429.6483358670139,4.705033336013161E-11
508.48734975058755,-56.44453999270792,314.7409295231898,0.0
590.2169917920178,-221.55896748219592,342.94206137837426,0.0
972.4482951388807,-64.29133292154674,472.8506223235397,0.0
896.7694224316556,102.1462630834771,350.15562354823476,0.0
813.8555434797554,-75.51177796570394,375.27185191290266,0.0
712.7903426561481,-49.49840316537265,422.75274766673164,0.0
1039.7472103917382,-162.34529016361228,476.0492825824882,4.72700141174187E-11
555.6551271247806,209.69308061983742,453.64017778859477,0.0
1042.5060483027496,-53.58146359296083,354.86389772381256,4.734052534907934E-11
946.5322082504938,60.43784502205392,432.44454076803396,0.0
1075.6598149835272,228.07149274229806,462.97796255978244,4.495310338922184E-11
527.55059502729,86.91229155215257,493.5532140996198,0.0
974.3445717902725,-136.83770512855557,359.8835616511953,0.0
987.2506728598967,-124.51665251853797,419.03746657051084,5.024677517764571E-11
743.0337461743117,225.9588134419077,439.5590280507596,0.0
587.4704513902475,181.81160859107308,392.82407450788287,0.0
715.0313600001464,239.69516483826914,473.63837286216165,0.0
754.7395257406727,232.4139628285575,420.5064490252422,0.0
644.8250282427355,90.435936893438,387.5828953663779,0.0
936.8683645121912,-6.244377059918918,435.43783322336105,0.0
739.3805103002536,-212.60334317633027,430.0374544062739,0.0
589.1230737997971,-133.28496026417355,469.8555868514477,0.0
870.1969386474689,-59.54558560846971,400.5773291225958,0.0
732.5113162939696,142.09298670573463,459.2980307897781,0.0
777.8587556625387,75.97497916453864,461.7864238940614,0.0
535.8951473226526,-197.9532453575994,391.8017096565575,0.0
992.1655704016251,-210.23337320895712,308.2562112268657,4.872481434460007E-11
907.9755419418159,134.50446617428787,356.16613101590565,0.0
692.8319968732148,127.11479348994669,313.7093708416702,0.0
981.0881689845323,-114.11064918248698,478.8591953410905,5.1140579603643145E-11
901.37130646067,-195.63651141841814,439.7396095888083,0.0
938.9370377731829,-93.38622012720123,435.562752870741,0.0
697.7618428407613,114.22409346891197,470.4420051934295,0.0
528.4595967802358,-161.80056040450012,352.3043364408203,0.0
915.8106240015036,-154.97882755123516,330.24196429882244,0.0
932.9595976585894,-134.82267628070497,364.20947212358226,0.0
637.6454559940951,187.18785290540848,336.8280043445593,0.0
989.7999877784866,109.55094892055519,408.952308704367,5.0138257852945E-11
628.3738983162618,-139.6316226780488,376.7037318266704,0.0
787.2508740255728,-2.5758793932795356,351.7626094286709,0.0
718.954436438846,-47.78810783703534,467.2149888163467,0.0
982.5044577667733,129.2711507713588,404.5981733371965,5.040787873502534E-11
998.5162239751118,-54.13935282364008,411.831267436927,4.990658439579569E-11
944.770088429742,43.53078822454688,412.75788962672414,0.0
691.6112362387616,47.76438658539308,392.4685883551064,0.0
818.5873203255671,-182.97196760144362,485.0589669740431,0.0
1023.3183598432965,198.7948870399955,313.85763734901735,4.737210085801561E-11
626.5993717421311,-123.08059431917049,461.29559701338775,0.0
988.0515195634337,197.32080841141772,386.39817575141745,4.933299782418326E-11
977.9501628312166,185.83569941945274,316.87561967803066,0.0
622.581968997275,241.4456463864645,364.2090548445026,0.0
875.7904922067631,-235.1199515362084,419.54498321738674,0.0
593.4068461631906,62.469253854935346,394.8408742656095,0.0
1055.333338807182,-196.3257570626041,433.3638273490043,4.608566590092319E-11
516.6285813824805,116.74325502634593,420.93963439598207,0.0
877.2535348258107,201.35990016892555,409.45693266332546,0.0
801.3891059210032,124.94468301882608,379.36921712927733,0.0
979.0019713991792,164.53935366928096,356.9431794939896,0.0
721.3502488148748,-54.81743621752071,451.2831542527497,0.0
624.8960656404719,98.48195625200913,366.934859954504,0.0
531.9121272843126,159.11167566876668,384.8185071919156,0.0
719.8500415356481,-91.09952017690509,421.9452494573652,0.0
582.8110014281261,32.54097741622036,492.5287289527545,0.0
664.296219070511,56.923533279198125,440.41761964103614,0.0
926.0148922042024,141.55345849961822,333.03870424466174,0.0
761.5754606345611,-92.10517591380167,473.96067557250166,0.0
908.6216348243462,-235.7446022764185,322.18111292975516,0.0
583.8695170553098,222.39105786951052,347.1853222807835,0.0
539.3852575308143,-185.04474962480475,305.59097491334916,0.0
511.3700040176907,22.741403494202814,421.65573498272704,0.0
861.5370493758323,-11.983532053880282,442.8285135754451,0.0
655.2495750960078,192.32712603228327,328.99106802162504,0.0
988.6646598318277,-4.494735913932033,404.6076216512843,5.0548939663134985E-11
588.4437670671483,-29.24524649960111,354.2913154359654,0.0
763.1909284422153,72.76695904386395,439.2850040782441,0.0
1048.5884204852832,222.16309722796154,407.3090946086005,4.6111600545622946E-11
1064.7996382705867,195.74922950606543,377.2411002957358,4.561317814288934E-11
1012.0429151486705,79.88528297978576,485.4680124170771,4.943408093098926E-11
813.7137487795469,-124.79709074245699,382.35058283488047,0.0
637.2066516282983,-162.03771669232233,485.69910893815086,0.0
764.9258851690511,-6.3162937891474655,375.89922269710786,0.0
1082.6914013788783,137.39592835479317,369.2714061283673,4.525520696566228E-11
683.4980662408047,125.15035431719161,453.3451015021059,0.0
699.2573118301242,-232.73346095409556,457.9721914040791,0.0
584.3918941645865,-28.530848743051962,325.15387051393134,0.0
888.9643077712889,122.72954088932124,304.27973172727036,0.0
998.4319655919521,32.48713335080237,422.0798393995687,5.002877351679576E-11
666.9230217502738,-69.51450854994229,395.9559050612049,0.0
1084.6136947592286,135.78839667276208,375.26504850836125,4.518269861748639E-11
923.2373675385577,-11.49274915491526,345.92982322115677,0.0
682.4455172713951,-62.390272112654145,493.7787306014865,0.0
1036.7231479698612,219.65237787683782,484.0791822374051,4.691313330011349E-11
601.977753430134,58.84625432287487,421.5692847318876,0.0
890.1220359350839,-59.64138168134758,316.0955045409723,0.0
723.7484958543788,-100.12722233080473,490.90634169776604,0.0
979.7419270686205,193.20864066090638,303.56776570053023,4.9522356874701897E-11
571.1916322985644,97.27953289339308,321.0634224631506,0.0
826.6751025167002,236.9336291418722,447.8108824109218,0.0
910.8780695616449,125.0685919949479,405.29351926066295,0.0
1052.7614817378953,157.51341902825828,391.6593834971216,4.642771252416675E-11
839.1724912308093,238.17070969105015,457.7873607533489,0.0
922.5869514100689,-152.18201079456648,437.85854427559735,0.0
613.1115643570924,-4.056182865532179,454.5284471834377,0.0
503.0783302157834,187.2065486240216,479.7547844657104,0.0
928.7476077742754,-224.24807783082315,474.4266042891952,0.0
878.4997374700614,-61.760099211651834,410.4364159308459,0.0
1020.3183174413439,-220.8827476647875,421.4373952991882,4.75048240066402E-11
719.658829788598,231.13986756213473,425.05126495963225,0.0
1088.6437413256251,-55.22429042151762,300.18470794898104,4.543819033640029E-11
943.5569983542796,46.08542641999327,457.38749945475433,0.0
903.9674157285987,20.31438175363337,402.8136064537832,0.0
804.4929204751954,-36.570809848273825,404.66655262388906,0.0
802.559285960756,-106.60159514672159,326.65809854554436,0.0
1042.3612594470292,118.98407628037592,376.0396143132913,4.71252306680324E-11
529.4705551651937,-129.44421460373425,460.0981917139371,0.0
677.2789407934247,-210.0784091651622,321.02628080663885,0.0
851.115048525649,86.5195418793055,484.3600806278084,0.0
644.4217264057188,18.228327917919557,395.4595517123722,0.0
1055.3554572526727,-95.22958538616766,319.2500850230572,4.66090068191613E-11
838.4866533192077,-39.12997392218793,435.63111399664336,0.0
967.805899695448,83.99917775159685,382.364266943737,0.0
585.2828716126463,-220.79583140341467,444.3968072404146,0.0
940.1805153210137,192.465892979518,307.4635306390616,0.0
897.046077064482,-108.1978799445084,356.49902752053436,0.0
1043.1700720319454,50.697787734842336,407.75223283743304,4.7437795364646017E-11
988.607802868031,169.1854488847743,367.12483881672955,4.950444622023781E-11
634.2212606533946,-131.1415283431163,414.3509952617695,0.0
643.1189541572517,79.60719902292061,427.8758921026895,0.0
837.3976584378158,-109.54489322834297,363.5364878139311,0.0
789.0539353920738,228.5982896524012,382.0277402368439,0.0
955.6312908082342,1.2844130981909814,384.5263633608181,0.0
643.0061270350138,60.6788451109731,367.2427074674616,0.0
518.719443217553,37.44780895939277,350.6316790940779,0.0
886.0441456050714,-228.86789380080717,447.3943128128057,0.0
922.4999782681698,236.04697978264818,311.8648874601035,0.0
758.7952727588813,-70.07949981374654,330.83356018896063,0.0
1079.498076340998,-7.842270368207778,477.3898307181405,4.590190595656772E-11
957.9381361272974,-148.55685816112833,430.52044867782865,0.0
680.4639951280467,245.92591484448076,435.76567278610673,0.0
806.5109846430158,112.3392298729949,466.67058006084306,0.0
954.5340802647486,31.057650288813193,461.236286992495,0.0
757.8880170960649,117.43893704084655,423.8566544660965,0.0
994.220246582809,225.99576494563274,317.96228834846113,4.847024209715823E-11
573.3176384757546,139.35701953930715,426.0827122084058,0.0
805.9096969445026,52.56025698095567,417.96992205036105,0.0
738.2600841201516,48.81699425140789,438.6349412004079,0.0
521.3020503570564,231.40220623030376,369.8936858842833,0.0
893.1280631556008,111.4078871583119,395.21882876176824,0.0
759.9729100381892,-15.162356375987258,357.7267222706524,0.0
562.3943390469985,-46.6014629454821,386.208236703232,0.0
571.3568277357512,85.39783135880663,378.1352387923131,0.0
805.9421384022437,139.73199608496668,473.89759774643403,0.0
506.30876585056745,-169.21866357308318,473.38593932180333,0.0
1091.2929359803193,222.42465137327667,419.1127516140958,4.434227815629112E-11
999.4350635678123,202.01124214846902,414.894825200293,4.878561313750819E-11
940.0157018192149,-79.50023534463259,347.88251673986264,0.0
679.9744249274895,200.25792099774304,420.88561922332406,0.0
1050.087935419308,234.9679215077702,394.405560031162,4.590699681160195E-11
769.9306168756286,-217.82627153858223,419.01571408822565,0.0
666.9362243653593,96.02292996040148,358.2058677119682,0.0
965.4790083564536,-173.17658393252094,418.70726643100085,0.0
516.1420673635188,-65.87892684989583,378.62419236419356,0.0
980.9963808583552,-48.060776618789134,422.5909838738365,0.0
576.1484946767214,94.63167675878657,308.43606423783024,0.0
626.566057867968,16.444790937575647,371.27502105926976,0.0
948.7746935451344,-122.48409420076852,448.24584074044736,0.0
1071.620566065335,-230.7105852478907,430.34023734050345,4.5063325364922855E-11
968.7740054607331,231.13424086038356,337.4325714626891,0.0
546.7495307435164,-247.49782215745603,479.5681949191653,0.0
697.1610947971142,148.07935859963283,370.4260667484314,0.0
872.2441990795182,186.19756992817798,312.85811271817846,0.0
772.7334283461639,119.07221595036617,483.5616513582788,0.0
561.9703368428094,-132.60870854896694,463.4455364578044,0.0
868.1749450434406,-96.52889213676772,391.3763245780431,0.0
948.2076251060254,245.65170006725276,437.6647102967055,0.0
603.5776047742874,58.43450264270291,397.2135684679294,0.0
507.9733606912134,-41.55466863688889,432.7023156761896,0.0
785.8328429250589,65.92619112132257,371.89538657476555,0.0
807.6652373903582,12.890079585576927,388.2309570648314,0.0
648.8689991060805,106.78063434473717,308.49843160447165,0.0
648.0795930018834,110.60535287498618,365.5003099854803,0.0
825.9844005866871,38.124565567850254,316.48833654273494,0.0
830.1447226037608,211.80080051110144,464.7269598591903,0.0
894.3368086112516,-157.1544628607003,303.1916308224182,0.0
1037.2681394539,181.10108723191104,333.4237840570099,4.68999261653839E-11
1071.4025306914473,-60.62995777712902,450.18112714173765,4.613916265163179E-11
580.674047647201,-202.73789913690135,303.64246470938497,0.0
599.4785843648665,142.13635094746394,387.2630013821793,0.0
689.5359833234772,-9.451152351557084,327.40014498759996,0.0
872.2642765315866,60.88915718972896,391.8455997695787,0.0
738.7188628406075,-197.25069216155697,325.8963331174795,0.0
564.9044001160432,45.35005329999842,439.73325484891734,0.0
619.8127534519444,196.1297629042831,472.9784065328954,0.0
1098.5626694277307,179.3601884109341,373.37917324001415,4.4411939852695095E-11
825.3946153738989,233.9360081786141,346.64553572578484,0.0
557.904567862373,-141.50584533147185,326.55305346160964,0.0
536.3804427525914,230.4978974816617,476.16224279072185,0.0
839.6410647639169,-30.478708394914577,434.4288945045389,0.0
984.433120834742,57.589267801397796,415.1532301947366,0.0
525.0909272174097,-248.19107074248396,318.2509379969563,0.0
988.3722477798285,97.46239633473158,483.27463818324605,5.0813204942384284E-11
654.6594492985539,29.439886398483054,441.0979127839901,0.0
720.2715879819057,-195.5267916073852,398.9903282138962,0.0
519.5112078496048,-131.221853983873,348.63026306234076,0.0
736.3947049799363,147.36637086546193,464.20309356511643,0.0
729.1738236390925,0.1117725041955282,359.01699454035077,0.0
699.8258401173692,59.45527910009383,481.98288506408755,0.0
959.4626732774691,215.5746474083454,433.49760354810803,5.108002775499885E-11
504.34740162555767,12.138026478266852,482.90242421974017,0.0
636.9121059628465,222.98143000178538,440.8964002832995,0.0
790.898028270085,80.75767157849799,423.3518041491862,0.0
650.5474247854546,-98.2909467649392,347.4488751141934,0.0
897.5869526149675,-93.73702803713667,418.6988977526079,0.0
721.6535359671464,-93.70846146338351,396.454460242869,0.0
569.4059808434467,-63.23715446359412,443.50872834760435,0.0
852.0109588634248,-228.0912531954449,358.06045948016936,0.0
829.5066472910128,-173.38533232067368,337.50814866216575,0.0
587.1235592027948,-133.60886587379707,338.5732610334114,0.0
971.0430472788967,11.76707848481999,341.4528146017,0.0
988.5487045833256,-74.88442906757919,328.6234303444213,0.0
898.3171810857759,129.28666544130232,355.93472781030806,0.0
560.6608283381585,171.8919690283695,485.960748089934,0.0
500.84862187524527,-204.39092441331383,315.661440793346,0.0
1098.9528194998747,-38.71931980567035,347.77140557946905,4.496026032008147E-11
689.2626519755606,-162.0366800138812,311.2117792505798,0.0
524.4273922928672,229.48327695007515,394.4567646119876,0.0
875.0832438410919,43.77249891259066,447.08253595677263,0.0
863.4635698896515,-230.95342423323387,489.7789464308365,0.0
941.5450767245015,52.2902288479475,320.6463272265732,0.0
504.8011611226949,67.47812703658786,421.4983026779951,0.0
724.5248361082107,-80.6079065265618,400.56738515863367,0.0
740.813270081024,-195.38276385175595,404.8345980478531,0.0
801.9389660335004,68.70508259597818,416.82974251844684,0.0
893.4090277630391,-182.1075036265206,336.78177018574945,0.0
1003.6470774802489,27.199502400401855,321.71533266588006,4.9282874826253984E-11
1008.01293731388,-170.89662314879166,325.482798047709,4.8342547310998605E-11
726.072308660036,171.83197916528025,480.8059358924641,0.0
956.8506450990333,-233.68478554386758,368.8751259513374,0.0
885.4824832141126,217.4118572071688,484.05208540709043,0.0
575.2256555192232,-152.3894556803604,396.60945113203707,0.0
1070.6506372361096,-1.6260219858088476,430.36495850662817,4.6210444750745427E-11
1013.3406332492225,-63.156124975801475,445.71358709263467,4.919189631212144E-11
656.085615455193,-102.6849065331474,414.9091220728376,0.0
1036.2316091396453,-130.51456536178353,320.9279628519267,4.728367402919397E-11
1070.9579850013736,238.75993769354187,373.554515576352,4.501739276923671E-11
1024.9380023975245,113.60375649845315,455.83056433960576,4.833246309433161E-11
772.5770489947352,-147.82752478444658,484.6543513668362,0.0
893.7021817531675,-5.254037272011402,454.50680082535996,0.0
1089.4019010917755,140.56129273738742,343.58276898124785,4.501365336756991E-11
722.251138422231,193.38983237822305,482.9085289926521,0.0
525.5553152471676,117.27169420739443,307.9558908957885,0.0
1002.4717966333199,115.18926601046445,305.6720713166688,4.898106242231021E-11
572.8471763601636,-181.10615676993183,362.02222780837263,0.0
732.4160971754268,1.3142822429803687,472.985116339518,0.0
991.0647711462958,-109.45746031577175,308.16549477357546,0.0
1056.6496233820565,-120.69223049811373,323.07321937360643,4.6440689323783896E-11
600.8182320978535,112.49462733103303,334.7166860091306,0.0
823.1371088705811,90.02610583324594,423.5641993869944,0.0
1010.533295411275,-44.378736707004435,439.14644642247504,4.937858022353532E-11
683.4584568588665,233.3478359466763,342.76681860041964,0.0
863.4373159528332,149.68429736320024,347.74208661349076,0.0
661.9317425791946,-160.5543959677579,336.25019924627856,0.0
1016.6213640749039,-70.1711470773842,499.448069883382,4.9286258960888184E-11
862.8647704987937,145.7202170034219,386.63465336119634,0.0
529.0290642597315,1.2823766449658365,467.7098400815646,0.0
768.3230860317879,-23.676348331774676,493.1244499965395,0.0
951.6982320816485,236.33850470332862,449.0092842255275,5.137891573729578E-11
766.5463691266594,67.89932477239034,414.13185226594373,0.0
862.4301019037213,188.72552573185544,369.0924731244083,0.0
584.8697971750213,47.95775848858938,457.43670956171974,0.0
514.2569614141846,-100.3532028641443,372.8470725642627,0.0
1090.6027070690418,191.20316951097993,333.29284773983363,4.471596198706282E-11
668.5001627468737,200.03002252197592,379.9343387782421,0.0
840.909812771927,119.39109835526699,443.3007376602154,0.0
758.4959589081109,38.848690523032246,406.8186972538984,0.0
612.3633231763642,119.0896059547294,321.5980135420333,0.0
659.0788464432301,-146.76838482189186,322.7680226840936,0.0
1054.2889888757582,153.84702370591623,484.61910965494326,4.6620590674947205E-11
946.5574042514334,220.54698666803233,306.11411505521136,0.0
1011.236682513551,-98.0438455818323,381.21575826807316,4.884244646794806E-11
501.6860381238363,-57.71560624887135,325.7185678988971,0.0
555.4923956877301,-89.13229215869967,326.85020110263724,0.0
1076.7618277987376,137.6534411422101,408.5917438633255,4.550396319990783E-11
607.7999308024998,-46.34539685126984,452.8007020132618,0.0
1057.609527035991,158.85753706303836,321.67825196443084,4.61923866371324E-11
882.3452127124987,-209.7678219340201,433.6079419901613,0.0
575.0790829945074,233.6047291717503,446.22342594578475,0.0
872.4441274470753,10.813332107107442,433.3756329336612,0.0
1060.0469596125295,-212.25893182266944,422.0220733252405,4.571488856100861E-11
645.0798582157772,-169.65054683844807,453.5841200858317,0.0
1036.0707450509235,113.41124723279177,486.87820564649957,4.7865032133162017E-11
1077.7054065786547,77.315541758974,421.9746738024928,4.574242045969314E-11
993.2648483415285,219.0635808438676,480.6947266638034,4.928680567383445E-11
900.3967959434717,171.39048476735843,460.79921265151336,0.0
1035.8222920298163,-51.50010688265323,382.6007014332806,4.7734829171216857E-11
513.3633414314509,57.0152324640693,337.301802690444,0.0
688.1007770048689,-222.17754669771006,335.9007314862452,0.0
556.8415649833255,-132.9750945751963,361.9388100835352,0.0
802.3025384876651,123.6835936721609,484.5274898653215,0.0
813.8602585796873,109.56927571901338,352.892862738318,0.0
533.4302208464197,39.307848152077725,375.68884093214035,0.0
798.7988448466172,-112.65595486915112,372.6975553372636,0.0
758.5203794433085,-179.16542383124246,354.76648934529317,0.0
637.7533214487493,83.03305060440516,320.4228252220021,0.0
637.9411346134593,90.98136211768286,393.3650439356838,0.0
623.9582146340883,-76.98858664999449,462.1989226812029,0.0
856.1835307525898,246.85501540006487,336.32351132955483,0.0
551.2640482399762,-83.63160033096364,311.299264945858,0.0
846.4586927430842,165.19427448864894,330.3896778333908,0.0
809.2936263208496,-171.33904421267545,473.64485752155184,0.0
938.4460476782281,-182.28539590078532,404.82034019772436,0.0
679.0313297833854,-169.06447927911404,479.76655545173367,0.0
775.2175581816625,204.88913216509138,487.2199858974712,0.0
841.3628551972479,11.637688209684029,432.8642721597255,0.0
524.3702066187677,-136.90268140912585,369.90185269850815,0.0
575.4003680486699,-6.152441901190286,469.4122604488889,0.0
901.1100211648992,-156.8945429536734,438.7359676739983,0.0
846.5991111347915,95.43506809171174,320.77856343723334,0.0
944.5431957590727,213.49654625251338,379.1687582803817,0.0
838.4271504679758,-136.64790473101846,368.19146351613836,0.0
1099.283173493874,198.26262838865227,376.77010700031417,4.426276127705896E-11
556.397443696949,240.58772064526278,356.1604763511942,0.0
508.59705684906737,202.5840962195266,486.06233088906447,0.0
832.9721536796941,186.98892682720646,349.811671592717,0.0
809.659489409453,-107.80624587969066,376.2936052578254,0.0
1027.6903909928376,134.31423306099936,360.5156853470289,4.7713773996991896E-11
683.3361231217477,92.43719520569715,440.1168572576989,0.0
914.283416097584,-3.5849809072876724,410.39574265256425,0.0
694.9634496110872,-229.39647081759676,392.1100774528715,0.0
1030.9817827611655,-0.9767907324658722,495.18346432484304,4.8549268752580515E-11
802.6278640382523,115.90330334517716,361.3776238312427,0.0
665.443862966598,44.21328259497261,310.54614125996505,0.0
921.7173314703901,66.07631112357512,488.8383100714624,0.0
756.2436674852491,59.96681920019137,368.19324997910144,0.0
698.6874504011794,172.55547314941776,420.38627260373585,0.0
878.610812076044,22.632973681351416,370.4524991266552,0.0
559.9438400613013,-71.45839238573294,368.50046647444844,0.0
580.3050108906592,-210.2773844870453,446.0278936070455,0.0
636.3481638339227,-135.28295056551764,392.59483285541523,0.0
583.1401848893473,169.95500375515667,425.1714267593742,0.0
975.6954431710055,-73.7975468681654,360.54801309028363,0.0
875.9418867006763,41.35820579048203,302.87310904890137,0.0
571.8408964741604,248.24524810496837,456.1643759152303,0.0
753.597770830057,200.1728410716571,476.27853573678954,0.0
827.8339264746369,145.4991581606444,308.11956669392987,0.0
961.4200496723456,161.38563838586805,383.5864980434036,0.0
530.3020539298426,151.74684706184706,408.58124930145715,0.0
561.197950193006,128.38818339593433,403.1949614414934,0.0
698.4583400186286,108.35634459703141,386.9059724469916,0.0
617.1243852742772,-232.83743753164015,349.01670330414004,0.0
502.96060037868114,-134.4966066266635,301.4311517126465,0.0
711.912913716378,3.8166926833374077,421.4741534836297,0.0
770.519439287139,-22.33225742176461,448.11814551896373,0.0
930.6157546189185,119.01655184780634,440.32451434534147,0.0
650.8671297111705,-25.34024807981686,386.1397851459076,0.0
508.9278842808977,-76.1085600420154,423.8593390034184,0.0
708.5646010023925,-94.33968990210903,453.13292405408174,0.0
508.0873214658553,-46.974615845124845,334.91473785483157,0.0
881.8239432717263,-170.34570870929065,310.9738850060324,0.0
563.7950638923317,242.55250964606006,447.8513589473095,0.0
549.3326977941516,52.54734640534673,379.75252752186555,0.0
693.7020880155503,213.73305387416224,439.86234942913575,0.0
909.7102424618113,176.66588768518199,434.33431404045183,0.0
1005.1040974224695,-203.1564290991883,488.802523489297,4.883935071054609E-11
1077.839609370064,-233.37732255071805,388.8635888436957,4.4786105048418605E-11
560.7715743735366,-98.13804548423226,429.4212056159557,0.0
664.5918307743482,-30.514669786327232,385.348207569995,0.0
1088.538393235891,225.01195629011187,439.3568121221282,4.4428423127204135E-11
606.6245847164245,-23.614264739121836,371.4717373418323,0.0
734.3969828529276,146.47408374503118,427.94229237547665,0.0
790.0250681419916,-13.391204588904799,371.7498788777157,0.0
884.6697539055417,-104.98092704335716,462.05658040988646,0.0
787.4977043102258,110.08882251570208,435.09348848254734,0.0
594.4295330658624,-49.53104229633021,495.92528478147585,0.0
1030.776760012558,111.63372030985397,307.32402913442905,4.763038440364108E-11
709.1827563031536,-164.06336867112282,382.1444011018948,0.0
1067.6243418752274,-137.57167765581323,447.0937359023592,4.597379099047953E-11
633.0029777095194,248.71233000855716,385.304378644867,0.0
765.3030558641308,172.03830192378683,406.70939840066933,0.0
876.3024455812532,-41.617643388830516,330.2081751707495,0.0
1020.7450170816726,-72.98611845425006,468.3046251461619,4.884650247177476E-11
1025.367646600438,123.59887183960501,444.27601181535886,4.81908805350151E-11
888.6511183783066,121.55659121264625,459.14287184345136,0.0
827.9052879027802,-249.07661660087217,383.33027583624477,0.0
1064.532079679084,-51.82417710354184,383.4039428931204,4.6356438552871896E-11
841.105220918801,48.24705510359422,348.7946913691225,0.0
833.1092074357693,17.57053548180744,334.87466756135103,0.0
563.8705929424312,23.30981201336482,483.1641116605988,0.0
546.5618180219461,-3.4768807826276884,425.9034668388552,0.0
563.489983711273,80.17394408354863,346.7141227439777,0.0
613.0731253682341,-163.60670093298114,377.6230113295892,0.0
712.5579316198263,244.47669600939304,398.1893581566842,0.0
1082.8739934561015,-224.3740385105773,367.0874662387854,4.4691894837720416E-11
539.1694021502439,-185.43903213819465,495.05206472125184,0.0
671.2296375937829,137.0823842908913,465.2331815951581,0.0
894.4320924101472,-211.54770638364081,371.18997570853446,0.0
767.1915363676826,-203.46190872449938,449.9581236741408,0.0
921.8662231280157,-172.3448367375752,409.4603347846913,0.0
923.3612344654653,138.46847167901427,324.8498821688932,0.0
1068.6225980447193,-63.41243891823396,327.61587054180353,4.6143394783258856E-11
561.5639898603698,-100.24527014471713,486.6751396066219,0.0
978.8214014560965,202.42045248216493,340.5795755424955,4.958839836359094E-11
754.6725423202553,-112.1563851745232,468.7007960790537,0.0
553.9671156215405,-206.20322424364352,395.94008705949875,0.0
716.3394079581693,-110.31032129198087,309.69353206681404,0.0
859.3396075906558,161.32451195999153,471.4979107425311,0.0
974.4194654921115,238.47874346852274,492.0620041880901,5.022840793808306E-11
914.182925460437,-138.53265063104516,316.1615728438277,0.0
513.0187116593631,-200.43142045625285,353.50170341634697,0.0
676.4959177878909,202.74857349059278,352.21673772954773,0.0
981.8368618101433,94.87257999015799,328.39024174688154,0.0
572.580202266709,131.01837548450993,305.6882099727374,0.0
591.9374590022344,-73.75719138042936,494.32782372327705,0.0
578.4711256340312,11.071960502553736,465.721945782593,0.0
646.1353433658684,95.89895090225593,471.25490316451874,0.0
811.2315548842846,28.342164302790138,348.7642308344981,0.0
1047.487331495501,32.514326689418965,325.8036066372422,4.712226408607499E-11
744.2827513078886,-43.385324602337846,470.1244203769892,0.0
639.078808794515,231.284250151665,396.4879814294372,0.0
1017.4955609528105,69.29273538274987,447.7121503901929,4.893806503155177E-11
955.4873419589101,43.35963476760304,447.4363141105129,0.0
575.1925981312972,-119.58639309033433,361.0367435172751,0.0
713.9838410108313,40.58106902301802,457.1383963704897,0.0
759.7676217229496,-116.0225413893402,482.7497420792351,0.0
603.5486099551313,29.216384347345752,313.8514752997671,0.0
940.7494614461319,-248.41758666988872,377.9006316507935,0.0
714.4495952908065,-202.42440128988224,316.10596231559896,0.0
719.0247762526909,-171.0362518022387,431.9095766478939,0.0
534.9188427987785,-220.49526729865354,394.158739851359,0.0
663.3578619368742,-138.53295657051098,449.2484116342963,0.0
1097.5210065947663,242.37237206948276,372.9636578059205,4.4022654410501944E-11
1074.6133713923891,196.9835585791114,442.49018657544866,4.523474188728119E-11
704.5039368803855,-9.413281865281334,363.8120103310356,0.0
1040.2093844814713,-21.42098272950875,310.0327381421888,4.7463930292843324E-11
681.0564685568811,-127.62361261472655,370.4920814071065,0.0
862.9304776347547,180.13884241928787,341.94505541630673,0.0
698.5840998586696,61.1170464686856,330.4767584033489,0.0
661.3123354411946,-184.49848853854894,305.67136225422644,0.0
997.4471134826185,-21.118866110015404,495.46280861726564,5.0609182614269984E-11
973.0961966964175,-206.35915267196464,336.38339863074555,0.0
707.4160580074918,213.9555723322452,339.41796022453764,0.0
924.0294990185716,160.3433666542041,481.72631701029053,0.0
516.7837302705235,62.15617195986124,329.18434222908326,0.0
765.6213707909037,45.86586828712973,311.6920162019534,0.0
741.1832875202371,102.39393470166107,469.5310884084392,0.0
965.684123305996,113.9167882185236,422.26184581459074,0.0
506.0210958602887,30.460225367094438,344.4847665830713,0.0
1085.4170253000727,97.44108476383639,321.81795449504114,4.538733475064605E-11
609.4901991331694,-191.38798337462077,300.33943997703943,0.0
1066.259847666663,87.61407605782478,381.21793281315314,4.617098570303606E-11
668.332769574675,-145.26961962582303,431.5903761730507,0.0
848.244245152046,-142.2820996707962,450.31870802639025,0.0
909.0267449172741,-23.32045796171772,439.39392500077236,0.0
707.5067499204322,-143.04990668153619,320.73655324539556,0.0
508.2923622355546,227.37427963348438,425.9842627975122,0.0
795.7453632018867,-68.15364591734334,458.0453297491291,0.0
582.1580099598873,72.83342124960234,438.6861110429014,0.0
788.8468363063519,47.93151998844263,352.7687084052639,0.0
754.8465117939857,-212.3525639675447,323.10589696818636,0.0
1028.3486299515582,-10.407442520467441,351.1254609215831,4.809412949602403E-11
944.2771428367769,106.3808970750265,420.8758255748255,0.0
644.8786064854075,-52.90056690641225,362.0214074528826,0.0
756.61833632193,148.62843367704852,323.4949869158433,0.0
551.8174287518061,124.9881003459422,472.25319193030083,0.0
761.0053557113291,-144.51282876415942,457.9141744780154,0.0
803.8826540820028,-126.7377824701224,466.0491309515315,0.0
862.0555237312931,52.52130988578341,384.2349762758787,0.0
835.661104399632,57.81639025262939,374.54438825942213,0.0
554.2602947573783,-64.93602351167613,498.0769355776899,0.0
1001.7977610001801,-229.2070442296581,445.77369385999015,4.848184028247675E-11
759.1198313653283,-81.40998725579351,373.0016590731688,0.0
742.9289867735769,-138.4373949580913,379.35546680338575,0.0
521.1709673100083,-12.488218783980301,329.48093931877077,0.0
1053.2837744693466,-197.2691352589217,348.8100026382157,4.608425869107791E-11
883.1847620157489,-11.114735449923842,492.87059339528685,0.0
714.7553777356528,-99.81479992852891,311.47115924662705,0.0
1091.625755092042,-17.23121520300191,459.36910090022,4.529384976312587E-11
688.7731900412527,-22.2879031841382,323.60647335266844,0.0
1061.2919141913978,247.78483062930985,450.85953244726625,4.536621449936638E-11
580.6626355463319,-166.22009242796807,324.14617068696447,0.0
527.9202725803294,-18.389493289494283,391.915926358643,0.0
769.8800411703717,87.77452617366203,389.2047120931569,0.0
865.8013963992246,35.95534637243378,359.70823277246865,0.0
621.2455456427405,-49.03739581327824,348.3247015272092,0.0
1036.0420998968282,45.53018074844266,322.8164155554996,4.762740021473862E-11
968.3030232480502,123.75260618835517,406.6441709424006,0.0
1073.487632762056,-27.272473037539157,366.06601846079946,4.5987869483245834E-11
585.3080955532631,-121.08243149031941,458.1947705611109,0.0
724.0993139855796,-59.163029377619495,322.2546594269235,0.0
597.9669156712403,-81.03359428491294,430.2365617198489,0.0
591.9832869181371,-18.041633946830785,488.04584359471824,0.0
556.2826821711573,125.16398678421137,491.6733612287029,0.0
917.58497609235,110.74150175804778,477.8214282770225,0.0
904.7249970037315,0.4443567596479454,488.19269318790003,0.0
942.13197493044,-39.21454476407135,448.099805868254,0.0
980.79908482749,91.51170946227194,368.75956330186676,0.0
507.6301717682812,10.498247286420849,475.7165169286813,0.0
989.096303118648,-49.173647956730235,445.78747817915576,5.0722840942253176E-11
842.2350017219399,185.2288694202967,363.9188748467525,0.0
1038.0711271749044,-203.09600756808555,420.699188839807,4.6808120091618646E-11
1095.101854949049,-25.05270863768007,425.8977216495894,4.509331724452539E-11
568.2252084529551,-97.98314581811036,471.1959136582901,0.0
526.724031666928,149.66360360841816,499.2644968440907,0.0
535.8583451797856,-130.11806874538726,382.63193841153566,0.0
890.6937902771621,8.154276003631367,407.4182985134931,0.0
1037.719443612201,-100.22327870834229,342.93544684605104,4.738759806655621E-11
1066.942347205929,68.83485052241821,402.15348133401795,4.6227786632063434E-11
524.5575075094955,-142.83642670904203,397.44481306929254,0.0
511.76763326203627,127.31023223076721,488.3086226853329,0.0
516.7414858976243,43.02224500407982,401.52087204659375,0.0
500.42053335356076,-206.76064758020468,365.6425129775057,0.0
1040.0282797729662,-245.80792919635027,483.16514025981655,4.645224593249298E-11
673.5109818106309,111.79897104431853,312.47799988195254,0.0
891.108609547631,-13.94077629408352,377.5479873357219,0.0
927.4757763434843,20.56211460627668,393.4122328398312,0.0
959.0452234863874,-215.07525652765185,388.3253919166339,0.0
792.4188330984719,-186.92909074875737,323.4863363726731,0.0
901.988964016081,-11.27868792071908,443.63022761969603,0.0
720.2929587616336,104.57454909444192,378.09998795345894,0.0
547.6265710423762,31.90733789976389,490.9469107144854,0.0
880.2800970106107,242.0604401249579,494.5361662177686,0.0
848.4643827072495,-170.72081005217527,481.5846129743346,0.0
565.310556549884,71.33890684259563,305.8304352699384,0.0
916.3940286301994,-66.2687803423658,367.17095544263043,0.0
713.1182867132868,88.84691548041229,421.92710193850263,0.0
1080.0709084561258,-21.61404380379571,389.70907970557664,4.571797217540985E-11
1091.196857996098,-9.491233331964168,359.4866897583675,4.5268801226229964E-11
626.2404681477324,24.889804254027467,318.3739129962339,0.0
547.5893023068992,-36.819934795335854,443.3401149100019,0.0
654.6704119897146,-185.0661065976755,305.84593787925456,0.0
637.3890718765066,-1.960356662040681,473.4971303896739,0.0
1038.781763785235,-162.265379543478,467.70673612312106,4.728785080190908E-11
649.235415959087,14.639237375147445,405.27052360243874,0.0
547.8535997792737,121.96080476789757,305.38796093440334,0.0
769.0251483742672,63.444025421851336,487.54336563580284,0.0
820.7404401434446,207.1350957167184,471.4837651167726,0.0
542.8423817369254,120.37493285498931,330.6907941193066,0.0
879.3723962687358,-52.1448219200002,374.95066217960573,0.0
599.0925076182682,220.0199530855799,331.9478498846171,0.0
636.3850214370491,-240.39721651710505,460.53674373788215,0.0
936.2081576223038,-127.00177528359968,462.0517653790423,0.0
798.0257476908214,-194.43202587879077,425.0880934589282,0.0
515.1839824428745,236.1450279099273,462.3614556534126,0.0
739.3713919071879,149.1244045084166,473.4180198920467,0.0
904.0632731290682,157.2415848279469,399.55368854560743,0.0
973.6765230711728,110.69966628232498,315.7297995909419,0.0
638.7674326865858,-244.3430880071463,337.8715827217958,0.0
660.6338706707195,4.500637821504057,448.06574358326986,0.0
706.0488129980045,-39.14103745230034,424.08878941184116,0.0
930.9032931530157,-236.87006893727698,327.10773829070564,0.0
818.6641688269247,-119.75710696302286,412.21989130420144,0.0
552.1972098509309,155.8983049834842,416.6367844018705,0.0
782.8000038123689,-76.84724215111862,318.62871805639674,0.0
1034.222272488806,-178.26073219260684,483.2954734524934,4.745386899038702E-11
512.8577321797744,129.2403185226117,392.53122631752194,0.0
859.2914869448383,-227.23529789998088,390.45065364112395,0.0
1014.291849898708,112.33046030679958,417.01315308851497,4.874811253313789E-11
660.5268089008813,82.31544548932357,365.98790466459184,0.0
1029.072451714676,124.13810376872732,340.3793354612727,4.767198349401482E-11
951.6239101653043,213.5718334381403,459.4770982767169,0.0
729.8980436823093,72.28620672186048,494.5847637007443,0.0
520.4262881587321,-215.26787673711493,377.95581204769104,0.0
709.3180166113465,99.01506298897203,467.4104997346668,0.0
1096.5789572327815,138.7160903282268,486.66960945973864,4.4736779074259914E-11
1030.0805099611357,236.6761307899552,311.43627483663994,4.6731758360019114E-11
657.3908138455336,-108.15483328377707,401.6843214867833,0.0
962.5137676164773,-194.9349542718695,321.22202939847995,0.0
835.8452011681733,-105.34664507846969,393.1634043560278,0.0
597.1516291837095,206.65333186198336,432.97651310753463,0.0
643.6005193608814,127.02955663600693,396.49829373147764,0.0
587.1630223205227,240.68075301839986,351.1232785533935,0.0
935.0796930573601,124.5482709199535,308.47325837436904,0.0
784.0941325025852,-132.5964770239304,365.98107387916673,0.0
1028.910010850269,-147.85905156700383,491.62827129280856,4.804364751174637E-11
589.2355113032356,8.795317555497206,491.9324673227809,0.0
1002.4173595249694,139.3777304071416,458.0359263713555,4.9455698030022534E-11
830.3050094587508,90.61058129663826,394.9027224664816,0.0
947.8618785850383,-204.71236038829954,422.5923100306169,0.0
1013.716355272037,73.93399738332585,303.2425661578874,4.860635004846422E-11
504.12732008940714,-23.122702672407655,322.71478693529843,0.0
951.9823070736561,197.27881717199432,460.03799144179516,0.0
